x,y,value
0,0,2.80053
0.1,0,2.88742
0.2,0,3.066
0.3,0,3.34669
0.4,0,3.7474
0.5,0,4.29749
0.6,0,5.04581
0.7,0,6.0789
0.8,0,7.56553
0.9,0,9.88033
1,0,13.9873
1.1,0,10.2219
1.2,0,8.25011
1.3,0,7.11816
1.4,0,6.45997
1.5,0,6.11496
1.6,0,6.0051
1.7,0,6.09071
1.8,0,6.35267
1.9,0,6.78486
2,0,7.39088
2.1,0,8.18318
2.2,0,9.18392
2.3,0,10.4277
2.4,0,11.9673
2.5,0,13.8848
2.6,0,16.3151
2.7,0,19.4979
2.8,0,23.9068
2.9,0,30.6084
3,0,42.3788
3.1,0,30.6085
3.2,0,23.8642
3.3,0,19.394
3.4,0,16.1396
3.5,0,13.6299
3.6,0,11.6247
3.7,0,9.98673
3.8,0,8.62956
3.9,0,7.49469
4,0,6.54006
4.1,0,5.73422
4.2,0,5.05313
4.3,0,4.47829
4.4,0,3.99649
4.5,0,3.59797
4.6,0,3.27543
4.7,0,3.02445
4.8,0,2.84349
4.9,0,2.73411
5,0,2.70206
0,0.1,2.76026
0.1,0.1,2.84341
0.2,0.1,3.01378
0.3,0.1,3.27994
0.4,0.1,3.65608
0.5,0.1,4.16366
0.6,0.1,4.83389
0.7,0.1,5.70941
0.8,0.1,6.83708
0.9,0.1,8.21149
1,0.1,9.48154
1.1,0.1,8.54797
1.2,0.1,7.51351
1.3,0.1,6.73718
1.4,0.1,6.23246
1.5,0.1,5.96051
1.6,0.1,5.88698
1.7,0.1,5.98948
1.8,0.1,6.25627
1.9,0.1,6.6842
2,0.1,7.27754
2.1,0.1,8.04769
2.2,0.1,9.0138
2.3,0.1,10.2045
2.4,0.1,11.6608
2.5,0.1,13.441
2.6,0.1,15.6272
2.7,0.1,18.3286
2.8,0.1,21.658
2.9,0.1,25.5612
3,0.1,28.9461
3.1,0.1,25.5489
3.2,0.1,21.6087
3.3,0.1,18.2246
3.4,0.1,15.4569
3.5,0.1,13.1955
3.6,0.1,11.3313
3.7,0.1,9.77999
3.8,0.1,8.47955
3.9,0.1,7.38344
4,0.1,6.4561
4.1,0.1,5.6698
4.2,0.1,5.00276
4.3,0.1,4.43791
4.4,0.1,3.963
4.5,0.1,3.56881
4.6,0.1,3.24835
4.7,0.1,2.99725
4.8,0.1,2.81363
4.9,0.1,2.69799
5,0.1,2.65308
0,0.2,2.68288
0.1,0.2,2.75928
0.2,0.2,2.91495
0.3,0.2,3.15568
0.4,0.2,3.49026
0.5,0.2,3.93007
0.6,0.2,4.48718
0.7,0.2,5.16791
0.8,0.2,5.95385
0.9,0.2,6.75247
1,0.2,7.29464
1.1,0.2,7.08108
1.2,0.2,6.61554
1.3,0.2,6.17376
1.4,0.2,5.85557
1.5,0.2,5.68689
1.6,0.2,5.66915
1.7,0.2,5.79841
1.8,0.2,6.07208
1.9,0.2,6.49103
2,0.2,7.06029
2.1,0.2,7.78934
2.2,0.2,8.69241
2.3,0.2,9.78879
2.4,0.2,11.1027
2.5,0.2,12.6619
2.6,0.2,14.491
2.7,0.2,16.5916
2.8,0.2,18.8844
2.9,0.2,21.0617
3,0.2,22.2859
3.1,0.2,21.0429
3.2,0.2,18.8325
3.3,0.2,16.4924
3.4,0.2,14.3332
3.5,0.2,12.436
3.6,0.2,10.7994
3.7,0.2,9.39697
3.8,0.2,8.19766
3.9,0.2,7.17238
4,0.2,6.29572
4.1,0.2,5.54615
4.2,0.2,4.90573
4.3,0.2,4.3599
4.4,0.2,3.89817
4.5,0.2,3.51233
4.6,0.2,3.19598
4.7,0.2,2.94496
4.8,0.2,2.75711
4.9,0.2,2.632
5,0.2,2.5705
0,0.3,2.57406
0.1,0.3,2.64182
0.2,0.3,2.77893
0.3,0.3,2.98843
0.4,0.3,3.27416
0.5,0.3,3.63934
0.6,0.3,4.08342
0.7,0.3,4.59527
0.8,0.3,5.14024
0.9,0.3,5.63975
1,0.3,5.9572
1.1,0.3,5.95798
1.2,0.3,5.78143
1.3,0.3,5.56994
1.4,0.3,5.40857
1.5,0.3,5.33877
1.6,0.3,5.37862
1.7,0.3,5.53592
1.8,0.3,5.81494
1.9,0.3,6.21978
2,0.3,6.75575
2.1,0.3,7.42997
2.2,0.3,8.25127
2.3,0.3,9.22939
2.4,0.3,10.373
2.5,0.3,11.685
2.6,0.3,13.1525
2.7,0.3,14.7259
2.8,0.3,16.2802
2.9,0.3,17.5545
3,0.3,18.1134
3.1,0.3,17.5348
3.2,0.3,16.2322
3.3,0.3,14.6386
3.4,0.3,13.0154
3.5,0.3,11.4889
3.6,0.3,10.1084
3.7,0.3,8.8852
3.8,0.3,7.81364
3.9,0.3,6.88087
4,0.3,6.07201
4.1,0.3,5.37236
4.2,0.3,4.76857
4.3,0.3,4.24912
4.4,0.3,3.80583
4.5,0.3,3.43176
4.6,0.3,3.12138
4.7,0.3,2.87096
4.8,0.3,2.6783
4.9,0.3,2.54243
5,0.3,2.4632
0,0.4,2.4409
0.1,0.4,2.49926
0.2,0.4,2.61655
0.3,0.4,2.79363
0.4,0.4,3.0308
0.5,0.4,3.32634
0.6,0.4,3.6737
0.7,0.4,4.0571
0.8,0.4,4.44538
0.9,0.4,4.78712
1,0.4,5.01694
1.1,0.4,5.09269
1.2,0.4,5.06109
1.3,0.4,4.99266
1.4,0.4,4.94451
1.5,0.4,4.95374
1.6,0.4,5.04221
1.7,0.4,5.22259
1.8,0.4,5.50276
1.9,0.4,5.88847
2,0.4,6.38472
2.1,0.4,6.99618
2.2,0.4,7.72686
2.3,0.4,8.57878
2.4,0.4,9.54934
2.5,0.4,10.6264
2.6,0.4,11.7795
2.7,0.4,12.9467
2.8,0.4,14.0162
2.9,0.4,14.8128
3,0.4,15.12
3.1,0.4,14.7966
3.2,0.4,13.9779
3.3,0.4,12.8779
3.4,0.4,11.6711
3.5,0.4,10.4695
3.6,0.4,9.33455
3.7,0.4,8.29533
3.8,0.4,7.36148
3.9,0.4,6.53216
4,0.4,5.80116
4.1,0.4,5.16001
4.2,0.4,4.59975
4.3,0.4,4.11199
4.4,0.4,3.69102
4.5,0.4,3.33133
4.6,0.4,3.02846
4.7,0.4,2.7793
4.8,0.4,2.58187
4.9,0.4,2.43504
5,0.4,2.33819
0,0.5,2.29086
0.1,0.5,2.34
0.2,0.5,2.43816
0.3,0.5,2.58478
0.4,0.5,2.77815
0.5,0.5,3.01424
0.6,0.5,3.28485
0.7,0.5,3.57533
0.8,0.5,3.86253
0.9,0.5,4.11525
1,0.5,4.30154
1.1,0.5,4.40623
1.2,0.5,4.44869
1.3,0.5,4.46542
1.4,0.5,4.49249
1.5,0.5,4.55815
1.6,0.5,4.68217
1.7,0.5,4.87776
1.8,0.5,5.15373
1.9,0.5,5.51611
2,0.5,5.96905
2.1,0.5,6.51504
2.2,0.5,7.15438
2.3,0.5,7.88385
2.4,0.5,8.69425
2.5,0.5,9.56651
2.6,0.5,10.4661
2.7,0.5,11.3359
2.8,0.5,12.0909
2.9,0.5,12.6205
3,0.5,12.8129
3.1,0.5,12.6107
3.2,0.5,12.0672
3.3,0.5,11.2916
3.4,0.5,10.3933
3.5,0.5,9.45688
3.6,0.5,8.53871
3.7,0.5,7.67194
3.8,0.5,6.87347
3.9,0.5,6.14958
4,0.5,5.50017
4.1,0.5,4.92159
4.2,0.5,4.40861
4.3,0.5,3.95566
4.4,0.5,3.55944
4.5,0.5,3.21582
4.6,0.5,2.92152
4.7,0.5,2.67421
4.8,0.5,2.4724
4.9,0.5,2.3151
5,0.5,2.20155
0,0.6,2.13093
0.1,0.6,2.17165
0.2,0.6,2.25255
0.3,0.6,2.37235
0.4,0.6,2.5285
0.5,0.6,2.71634
0.6,0.6,2.9282
0.7,0.6,3.15237
0.8,0.6,3.37286
0.9,0.6,3.5711
1,0.6,3.73084
1.1,0.6,3.84601
1.2,0.6,3.92642
1.3,0.6,3.99226
1.4,0.6,4.06626
1.5,0.6,4.16864
1.6,0.6,4.3153
1.7,0.6,4.51788
1.8,0.6,4.78454
1.9,0.6,5.12065
2,0.6,5.52927
2.1,0.6,6.01113
2.2,0.6,6.56404
2.3,0.6,7.1818
2.4,0.6,7.85226
2.5,0.6,8.5548
2.6,0.6,9.25723
2.7,0.6,9.91302
2.8,0.6,10.4612
2.9,0.6,10.8322
3,0.6,10.9647
3.1,0.6,10.8311
3.2,0.6,10.4559
3.3,0.6,9.89802
3.4,0.6,9.22569
3.5,0.6,8.49898
3.6,0.6,7.76342
3.7,0.6,7.04981
3.8,0.6,6.37678
3.9,0.6,5.75396
4,0.6,5.18487
4.1,0.6,4.66916
4.2,0.6,4.2044
4.3,0.6,3.78741
4.4,0.6,3.4169
4.5,0.6,3.09009
4.6,0.6,2.80487
4.7,0.6,2.55984
4.8,0.6,2.35416
4.9,0.6,2.18726
5,0.6,2.05855
0,0.7,1.96715
0.1,0.7,2.00052
0.2,0.7,2.06658
0.3,0.7,2.16378
0.4,0.7,2.28944
0.5,0.7,2.43922
0.6,0.7,2.60675
0.7,0.7,2.78331
0.8,0.7,2.95824
0.9,0.7,3.12043
1,0.7,3.26126
1.1,0.7,3.37827
1.2,0.7,3.47718
1.3,0.7,3.56998
1.4,0.7,3.67122
1.5,0.7,3.79505
1.6,0.7,3.95351
1.7,0.7,4.156
1.8,0.7,4.40927
1.9,0.7,4.71763
2,0.7,5.08303
2.1,0.7,5.50489
2.2,0.7,5.97958
2.3,0.7,6.49959
2.4,0.7,7.05226
2.5,0.7,7.61826
2.6,0.7,8.17024
2.7,0.7,8.67226
2.8,0.7,9.08142
2.9,0.7,9.35331
3,0.7,9.45204
3.1,0.7,9.36253
3.2,0.7,9.09732
3.3,0.7,8.69027
3.4,0.7,8.18432
3.5,0.7,7.62119
3.6,0.7,7.03564
3.7,0.7,6.45353
3.8,0.7,5.89228
3.9,0.7,5.36231
4,0.7,4.86883
4.1,0.7,4.41342
4.2,0.7,3.99554
4.3,0.7,3.614
4.4,0.7,3.26889
4.5,0.7,2.95874
4.6,0.7,2.68257
4.7,0.7,2.43999
4.8,0.7,2.23096
4.9,0.7,2.05555
5,0.7,1.91357
0,0.8,1.80435
0.1,0.8,1.83155
0.2,0.8,1.88524
0.3,0.8,1.96393
0.4,0.8,2.06518
0.5,0.8,2.18536
0.6,0.8,2.31949
0.7,0.8,2.46136
0.8,0.8,2.60395
0.9,0.8,2.74056
1,0.8,2.86649
1.1,0.8,2.98082
1.2,0.8,3.08726
1.3,0.8,3.19332
1.4,0.8,3.30857
1.5,0.8,3.44282
1.6,0.8,3.60488
1.7,0.8,3.80191
1.8,0.8,4.03911
1.9,0.8,4.31963
2,0.8,4.64442
2.1,0.8,5.01204
2.2,0.8,5.41821
2.3,0.8,5.85522
2.4,0.8,6.3112
2.5,0.8,6.76934
2.6,0.8,7.20748
2.7,0.8,7.59855
2.8,0.8,7.91243
2.9,0.8,8.12
3,0.8,8.1991
3.1,0.8,8.14063
3.2,0.8,7.95157
3.3,0.8,7.65226
3.4,0.8,7.27031
3.5,0.8,6.83449
3.6,0.8,6.37052
3.7,0.8,5.89895
3.8,0.8,5.43467
3.9,0.8,4.98742
4,0.8,4.56276
4.1,0.8,4.16319
4.2,0.8,3.78923
4.3,0.8,3.44124
4.4,0.8,3.12022
4.5,0.8,2.82582
4.6,0.8,2.5582
4.7,0.8,2.31797
4.8,0.8,2.10604
4.9,0.8,1.92326
5,0.8,1.77006
0,0.9,1.64618
0.1,0.9,1.66831
0.2,0.9,1.71192
0.3,0.9,1.77573
0.4,0.9,1.85769
0.5,0.9,1.95493
0.6,0.9,2.06377
0.7,0.9,2.17987
0.8,0.9,2.29863
0.9,0.9,2.416
1,0.9,2.52938
1.1,0.9,2.63857
1.2,0.9,2.74613
1.3,0.9,2.857
1.4,0.9,2.97759
1.5,0.9,3.11468
1.6,0.9,3.2746
1.7,0.9,3.46257
1.8,0.9,3.68237
1.9,0.9,3.93606
2,0.9,4.22385
2.1,0.9,4.54377
2.2,0.9,4.8914
2.3,0.9,5.25947
2.4,0.9,5.63749
2.5,0.9,6.01144
2.6,0.9,6.36383
2.7,0.9,6.67445
2.8,0.9,6.922
2.9,0.9,7.08688
3,0.9,7.15473
3.1,0.9,7.11967
3.2,0.9,6.98575
3.3,0.9,6.76565
3.4,0.9,6.47745
3.5,0.9,6.14097
3.6,0.9,5.77492
3.7,0.9,5.39503
3.8,0.9,5.01331
3.9,0.9,4.6381
4,0.9,4.27451
4.1,0.9,3.92519
4.2,0.9,3.59113
4.3,0.9,3.27383
4.4,0.9,2.97481
4.5,0.9,2.69471
4.6,0.9,2.43471
4.7,0.9,2.19649
4.8,0.9,1.982
4.9,0.9,1.79299
5,0.9,1.63064
0,1,1.49521
0.1,1,1.51324
0.2,1,1.54876
0.3,1,1.60072
0.4,1,1.66751
0.5,1,1.74697
0.6,1,1.83644
0.7,1,1.93296
0.8,1,2.03354
0.9,1,2.13575
1,1,2.23815
1.1,1,2.34088
1.2,1,2.4458
1.3,1,2.55628
1.4,1,2.67666
1.5,1,2.81167
1.6,1,2.96574
1.7,1,3.14257
1.8,1,3.34475
1.9,1,3.57348
2,1,3.82838
2.1,1,4.10726
2.2,1,4.40586
2.3,1,4.71765
2.4,1,5.03368
2.5,1,5.34251
2.6,1,5.63052
2.7,1,5.88263
2.8,1,6.0836
2.9,1,6.21988
3,1,6.2818
3.1,1,6.26532
3.2,1,6.17282
3.3,1,6.01242
3.4,1,5.79609
3.5,1,5.53754
3.6,1,5.25015
3.7,1,4.94565
3.8,1,4.6333
3.9,1,4.31976
4,1,4.00926
4.1,1,3.70411
4.2,1,3.40537
4.3,1,3.1153
4.4,1,2.83569
4.5,1,2.56799
4.6,1,2.3144
4.7,1,2.07768
4.8,1,1.86086
4.9,1,1.6667
5,1,1.49717
0,1.1,1.35312
0.1,1.1,1.36786
0.2,1.1,1.39692
0.3,1.1,1.43949
0.4,1.1,1.49436
0.5,1.1,1.55994
0.6,1.1,1.63438
0.7,1.1,1.71569
0.8,1.1,1.80198
0.9,1.1,1.89177
1,1.1,1.98436
1.1,1.1,2.08001
1.2,1.1,2.18013
1.3,1.1,2.28707
1.4,1.1,2.40385
1.5,1.1,2.53373
1.6,1.1,2.6798
1.7,1.1,2.84459
1.8,1.1,3.02976
1.9,1.1,3.23588
2,1.1,3.46218
2.1,1.1,3.70639
2.2,1.1,3.96459
2.3,1.1,4.23109
2.4,1.1,4.49839
2.5,1.1,4.75727
2.6,1.1,4.99717
2.7,1.1,5.20676
2.8,1.1,5.37496
2.9,1.1,5.4922
3,1.1,5.55169
3.1,1.1,5.55055
3.2,1.1,5.49013
3.3,1.1,5.37568
3.4,1.1,5.21522
3.5,1.1,5.01816
3.6,1.1,4.79397
3.7,1.1,4.55114
3.8,1.1,4.29652
3.9,1.1,4.03506
4,1.1,3.76994
4.1,1.1,3.50284
4.2,1.1,3.2346
4.3,1.1,2.96803
4.4,1.1,2.70492
4.5,1.1,2.4475
4.6,1.1,2.1989
4.7,1.1,1.96304
4.8,1.1,1.74405
4.9,1.1,1.54573
5,1.1,1.37087
0,1.2,1.22085
0.1,1.2,1.23297
0.2,1.2,1.25689
0.3,1.2,1.29202
0.4,1.2,1.33746
0.5,1.2,1.39212
0.6,1.2,1.45473
0.7,1.2,1.52397
0.8,1.2,1.5987
0.9,1.2,1.67806
1,1.2,1.76175
1.1,1.2,1.85012
1.2,1.2,1.94426
1.3,1.2,2.04587
1.4,1.2,2.15706
1.5,1.2,2.28011
1.6,1.2,2.41713
1.7,1.2,2.56982
1.8,1.2,2.73915
1.9,1.2,2.92523
2,1.2,3.12706
2.1,1.2,3.34244
2.2,1.2,3.56783
2.3,1.2,3.79835
2.4,1.2,4.02776
2.5,1.2,4.24868
2.6,1.2,4.45285
2.7,1.2,4.63171
2.8,1.2,4.77705
2.9,1.2,4.88191
3,1.2,4.94141
3.1,1.2,4.95334
3.2,1.2,4.91842
3.3,1.2,4.84003
3.4,1.2,4.72352
3.5,1.2,4.57531
3.6,1.2,4.40198
3.7,1.2,4.20945
3.8,1.2,4.00252
3.9,1.2,3.78457
4,1.2,3.55765
4.1,1.2,3.3227
4.2,1.2,3.08028
4.3,1.2,2.83335
4.4,1.2,2.58373
4.5,1.2,2.33433
4.6,1.2,2.08926
4.7,1.2,1.85355
4.8,1.2,1.63252
4.9,1.2,1.43098
5,1.2,1.25247
0,1.3,1.09884
0.1,1.3,1.10886
0.2,1.3,1.12869
0.3,1.3,1.15789
0.4,1.3,1.19584
0.5,1.3,1.24179
0.6,1.3,1.29492
0.7,1.3,1.3544
0.8,1.3,1.41956
0.9,1.3,1.48996
1,1.3,1.56555
1.1,1.3,1.64672
1.2,1.3,1.73433
1.3,1.3,1.82966
1.4,1.3,1.93422
1.5,1.3,2.04961
1.6,1.3,2.17729
1.7,1.3,2.31834
1.8,1.3,2.47328
1.9,1.3,2.6419
2,1.3,2.8231
2.1,1.3,3.0148
2.2,1.3,3.21388
2.3,1.3,3.41614
2.4,1.3,3.61644
2.5,1.3,3.8088
2.6,1.3,3.98674
2.7,1.3,4.14365
2.8,1.3,4.27335
2.9,1.3,4.37064
3,1.3,4.43185
3.1,1.3,4.45523
3.2,1.3,4.44107
3.3,1.3,4.39148
3.4,1.3,4.30999
3.5,1.3,4.20088
3.6,1.3,4.06857
3.7,1.3,3.91701
3.8,1.3,3.74926
3.9,1.3,3.56733
4,1.3,3.37213
4.1,1.3,3.16379
4.2,1.3,2.94281
4.3,1.3,2.71172
4.4,1.3,2.47259
4.5,1.3,2.22898
4.6,1.3,1.98597
4.7,1.3,1.74975
4.8,1.3,1.52681
4.9,1.3,1.32292
5,1.3,1.1423
0,1.4,0.987113
0.1,1.4,0.995463
0.2,1.4,1.01201
0.3,1.4,1.03644
0.4,1.4,1.06837
0.5,1.4,1.10731
0.6,1.4,1.15273
0.7,1.4,1.20417
0.8,1.4,1.26126
0.9,1.4,1.32384
1,1.4,1.39203
1.1,1.4,1.46622
1.2,1.4,1.54715
1.3,1.4,1.6358
1.4,1.4,1.73329
1.5,1.4,1.84078
1.6,1.4,1.95927
1.7,1.4,2.08944
1.8,1.4,2.23152
1.9,1.4,2.38511
2,1.4,2.5491
2.1,1.4,2.72157
2.2,1.4,2.89975
2.3,1.4,3.08009
2.4,1.4,3.25828
2.5,1.4,3.42946
2.6,1.4,3.58843
2.7,1.4,3.73002
2.8,1.4,3.84944
2.9,1.4,3.94267
3,1.4,4.00686
3.1,1.4,4.04054
3.2,1.4,4.04366
3.3,1.4,4.01749
3.4,1.4,3.96425
3.5,1.4,3.88669
3.6,1.4,3.7876
3.7,1.4,3.66938
3.8,1.4,3.53369
3.9,1.4,3.38129
4,1.4,3.21208
4.1,1.4,3.02536
4.2,1.4,2.82162
4.3,1.4,2.60283
4.4,1.4,2.37135
4.5,1.4,2.1314
4.6,1.4,1.8891
4.7,1.4,1.6518
4.8,1.4,1.42713
4.9,1.4,1.22176
5,1.4,1.04042
0,1.5,0.885444
0.1,1.5,0.892442
0.2,1.5,0.906332
0.3,1.5,0.926924
0.4,1.5,0.953966
0.5,1.5,0.987164
0.6,1.5,1.02623
0.7,1.5,1.07092
0.8,1.5,1.1211
0.9,1.5,1.17679
1,1.5,1.2382
1.1,1.5,1.30575
1.2,1.5,1.38008
1.3,1.5,1.46199
1.4,1.5,1.55235
1.5,1.5,1.65202
1.6,1.5,1.76173
1.7,1.5,1.88191
1.8,1.5,2.01261
1.9,1.5,2.15335
2,1.5,2.30306
2.1,1.5,2.45999
2.2,1.5,2.62174
2.3,1.5,2.78525
2.4,1.5,2.94688
2.5,1.5,3.10261
2.6,1.5,3.24821
2.7,1.5,3.37951
2.8,1.5,3.49266
2.9,1.5,3.58447
3,1.5,3.6526
3.1,1.5,3.69574
3.2,1.5,3.71361
3.3,1.5,3.70683
3.4,1.5,3.67669
3.5,1.5,3.6248
3.6,1.5,3.55274
3.7,1.5,3.46167
3.8,1.5,3.35209
3.9,1.5,3.22369
4,1.5,3.07545
4.1,1.5,2.90591
4.2,1.5,2.71554
4.3,1.5,2.50579
4.4,1.5,2.27933
4.5,1.5,2.04115
4.6,1.5,1.79837
4.7,1.5,1.55958
4.8,1.5,1.33346
4.9,1.5,1.12747
5,1.5,0.946699
0,1.6,0.793423
0.1,1.6,0.799321
0.2,1.6,0.811051
0.3,1.6,0.828501
0.4,1.6,0.851529
0.5,1.6,0.879982
0.6,1.6,0.91373
0.7,1.6,0.952693
0.8,1.6,0.996886
0.9,1.6,1.04644
1,1.6,1.10165
1.1,1.6,1.16294
1.2,1.6,1.23089
1.3,1.6,1.3062
1.4,1.6,1.38957
1.5,1.6,1.48171
1.6,1.6,1.58316
1.7,1.6,1.69423
1.8,1.6,1.81487
1.9,1.6,1.94463
2,1.6,2.08249
2.1,1.6,2.22693
2.2,1.6,2.37581
2.3,1.6,2.52651
2.4,1.6,2.67593
2.5,1.6,2.82066
2.6,1.6,2.95717
2.7,1.6,3.08198
2.8,1.6,3.19191
2.9,1.6,3.28429
3,1.6,3.35712
3.1,1.6,3.40914
3.2,1.6,3.43987
3.3,1.6,3.44945
3.4,1.6,3.43848
3.5,1.6,3.40771
3.6,1.6,3.35775
3.7,1.6,3.28879
3.8,1.6,3.20037
3.9,1.6,3.09126
4,1.6,2.95963
4.1,1.6,2.80334
4.2,1.6,2.62288
4.3,1.6,2.41924
4.4,1.6,2.19551
4.5,1.6,1.95744
4.6,1.6,1.71329
4.7,1.6,1.47279
4.8,1.6,1.24565
4.9,1.6,1.03992
5,1.6,0.860861
0,1.7,0.710534
0.1,1.7,0.71553
0.2,1.7,0.725486
0.3,1.7,0.740346
0.4,1.7,0.760045
0.5,1.7,0.784531
0.6,1.7,0.813779
0.7,1.7,0.847823
0.8,1.7,0.886776
0.9,1.7,0.930854
1,1.7,0.980386
1.1,1.7,1.03582
1.2,1.7,1.0977
1.3,1.7,1.16665
1.4,1.7,1.24331
1.5,1.7,1.32828
1.6,1.7,1.42201
1.7,1.7,1.52477
1.8,1.7,1.63651
1.9,1.7,1.7568
2,1.7,1.88479
2.1,1.7,2.0191
2.2,1.7,2.15791
2.3,1.7,2.29892
2.4,1.7,2.43945
2.5,1.7,2.57658
2.6,1.7,2.70724
2.7,1.7,2.82845
2.8,1.7,2.93746
2.9,1.7,3.03194
3,1.7,3.11005
3.1,1.7,3.17054
3.2,1.7,3.21274
3.3,1.7,3.2364
3.4,1.7,3.24156
3.5,1.7,3.22831
3.6,1.7,3.19652
3.7,1.7,3.14558
3.8,1.7,3.0742
3.9,1.7,2.98038
4,1.7,2.86154
4.1,1.7,2.71523
4.2,1.7,2.54159
4.3,1.7,2.34151
4.4,1.7,2.11854
4.5,1.7,1.87931
4.6,1.7,1.63318
4.7,1.7,1.39103
4.8,1.7,1.16342
4.9,1.7,0.958865
5,1.7,0.782569
0,1.8,0.636207
0.1,1.8,0.640459
0.2,1.8,0.648946
0.3,1.8,0.661652
0.4,1.8,0.678567
0.5,1.8,0.699703
0.6,1.8,0.725113
0.7,1.8,0.7549
0.8,1.8,0.789245
0.9,1.8,0.828412
1,1.8,0.872762
1.1,1.8,0.92275
1.2,1.8,0.978907
1.3,1.8,1.04182
1.4,1.8,1.11209
1.5,1.8,1.19027
1.6,1.8,1.2768
1.7,1.8,1.37195
1.8,1.8,1.47571
1.9,1.8,1.58775
2,1.8,1.70736
2.1,1.8,1.83337
2.2,1.8,1.9642
2.3,1.8,2.09786
2.4,1.8,2.232
2.5,1.8,2.36403
2.6,1.8,2.49125
2.7,1.8,2.61101
2.8,1.8,2.72081
2.9,1.8,2.81851
3,1.8,2.90234
3.1,1.8,2.97101
3.2,1.8,3.02361
3.3,1.8,3.05958
3.4,1.8,3.07853
3.5,1.8,3.07998
3.6,1.8,3.06319
3.7,1.8,3.02688
3.8,1.8,2.96912
3.9,1.8,2.88721
4,1.8,2.77792
4.1,1.8,2.63872
4.2,1.8,2.46929
4.3,1.8,2.27066
4.4,1.8,2.04693
4.5,1.8,1.80565
4.6,1.8,1.55731
4.7,1.8,1.31383
4.8,1.8,1.0865
4.9,1.8,0.884041
5,1.8,0.711445
0,1.9,0.56985
0.1,1.9,0.573483
0.2,1.9,0.580747
0.3,1.9,0.59165
0.4,1.9,0.606221
0.5,1.9,0.624516
0.6,1.9,0.646632
0.7,1.9,0.67272
0.8,1.9,0.702999
0.9,1.9,0.737766
1,1.9,0.777399
1.1,1.9,0.822355
1.2,1.9,0.87316
1.3,1.9,0.930385
1.4,1.9,0.994615
1.5,1.9,1.0664
1.6,1.9,1.1462
1.7,1.9,1.23431
1.8,1.9,1.33082
1.9,1.9,1.43553
2,1.9,1.54786
2.1,1.9,1.66688
2.2,1.9,1.79124
2.3,1.9,1.91921
2.4,1.9,2.04871
2.5,1.9,2.17744
2.6,1.9,2.30294
2.7,1.9,2.42275
2.8,1.9,2.53456
2.9,1.9,2.63626
3,1.9,2.7261
3.1,1.9,2.80265
3.2,1.9,2.86481
3.3,1.9,2.91171
3.4,1.9,2.94255
3.5,1.9,2.95642
3.6,1.9,2.95204
3.7,1.9,2.92761
3.8,1.9,2.88058
3.9,1.9,2.80772
4,1.9,2.70527
4.1,1.9,2.57073
4.2,1.9,2.40341
4.3,1.9,2.20461
4.4,1.9,1.97908
4.5,1.9,1.73534
4.6,1.9,1.48496
4.7,1.9,1.24077
4.8,1.9,1.01459
4.9,1.9,0.815177
5,1.9,0.647104
0,2,0.510873
0.1,2,0.51399
0.2,2,0.520231
0.3,2,0.529623
0.4,2,0.542215
0.5,2,0.55809
0.6,2,0.577374
0.7,2,0.600245
0.8,2,0.626943
0.9,2,0.657779
1,2,0.693138
1.1,2,0.733478
1.2,2,0.779317
1.3,2,0.831224
1.4,2,0.88978
1.5,2,0.955551
1.6,2,1.02903
1.7,2,1.11059
1.8,2,1.20041
1.9,2,1.29843
2,2,1.40427
2.1,2,1.51719
2.2,2,1.63608
2.3,2,1.75945
2.4,2,1.88548
2.5,2,2.01206
2.6,2,2.13693
2.7,2,2.25777
2.8,2,2.37232
2.9,2,2.47848
3,2,2.5744
3.1,2,2.65851
3.2,2,2.72948
3.3,2,2.78613
3.4,2,2.82731
3.5,2,2.8517
3.6,2,2.85759
3.7,2,2.8427
3.8,2,2.80402
3.9,2,2.73783
4,2,2.63998
4.1,2,2.50814
4.2,2,2.34134
4.3,2,2.14129
4.4,2,1.91346
4.5,2,1.66734
4.6,2,1.41548
4.7,2,1.17149
4.8,2,0.947481
4.9,2,0.75203
5,2,0.589168
0,2.1,0.458703
0.1,2.1,0.46139
0.2,2.1,0.466778
0.3,2.1,0.474901
0.4,2.1,0.485824
0.5,2.1,0.499643
0.6,2.1,0.516499
0.7,2.1,0.53658
0.8,2.1,0.560137
0.9,2.1,0.587483
1,2.1,0.619001
1.1,2.1,0.655143
1.2,2.1,0.696421
1.3,2.1,0.743397
1.4,2.1,0.796662
1.5,2.1,0.8568
1.6,2.1,0.924352
1.7,2.1,0.999764
1.8,2.1,1.08333
1.9,2.1,1.17513
2,2.1,1.27497
2.1,2.1,1.38234
2.2,2.1,1.49634
2.3,2.1,1.61574
2.4,2.1,1.73892
2.5,2.1,1.86398
2.6,2.1,1.98879
2.7,2.1,2.11112
2.8,2.1,2.22872
2.9,2.1,2.33943
3,2.1,2.44129
3.1,2.1,2.53251
3.2,2.1,2.61152
3.3,2.1,2.67685
3.4,2.1,2.72699
3.5,2.1,2.76028
3.6,2.1,2.77461
3.7,2.1,2.76729
3.8,2.1,2.73493
3.9,2.1,2.67345
4,2.1,2.57852
4.1,2.1,2.44787
4.2,2.1,2.28056
4.3,2.1,2.07875
4.4,2.1,1.84869
4.5,2.1,1.60078
4.6,2.1,1.34842
4.7,2.1,1.10577
4.8,2.1,0.885023
4.9,2.1,0.694395
5,2.1,0.537283
0,2.2,0.412795
0.1,2.2,0.415126
0.2,2.2,0.419804
0.3,2.2,0.42687
0.4,2.2,0.436392
0.5,2.2,0.448475
0.6,2.2,0.463262
0.7,2.2,0.480945
0.8,2.2,0.501772
0.9,2.2,0.526051
1,2.2,0.554156
1.1,2.2,0.586525
1.2,2.2,0.623663
1.3,2.2,0.666124
1.4,2.2,0.714501
1.5,2.2,0.769401
1.6,2.2,0.831409
1.7,2.2,0.901044
1.8,2.2,0.978709
1.9,2.2,1.06463
2,2.2,1.1588
2.1,2.2,1.26091
2.2,2.2,1.3703
2.3,2.2,1.48596
2.4,2.2,1.6065
2.5,2.2,1.73019
2.6,2.2,1.85504
2.7,2.2,1.97886
2.8,2.2,2.0994
2.9,2.2,2.21441
3,2.2,2.32175
3.1,2.2,2.41944
3.2,2.2,2.50563
3.3,2.2,2.57855
3.4,2.2,2.63637
3.5,2.2,2.67708
3.6,2.2,2.69823
3.7,2.2,2.69682
3.8,2.2,2.66912
3.9,2.2,2.61077
4,2.2,2.51756
4.1,2.2,2.38715
4.2,2.2,2.21886
4.3,2.2,2.01539
4.4,2.2,1.78374
4.5,2.2,1.53511
4.6,2.2,1.28357
4.7,2.2,1.04356
4.8,2.2,0.82718
4.9,2.2,0.642126
5,2.2,0.491123
0,2.3,0.372636
0.1,2.3,0.374675
0.2,2.3,0.37877
0.3,2.3,0.384963
0.4,2.3,0.393325
0.5,2.3,0.403959
0.6,2.3,0.417007
0.7,2.3,0.432656
0.8,2.3,0.451145
0.9,2.3,0.472769
1,2.3,0.497888
1.1,2.3,0.526924
1.2,2.3,0.560364
1.3,2.3,0.598752
1.4,2.3,0.64268
1.5,2.3,0.692768
1.6,2.3,0.749637
1.7,2.3,0.813871
1.8,2.3,0.885971
1.9,2.3,0.966298
2,2.3,1.05501
2.1,2.3,1.152
2.2,2.3,1.25684
2.3,2.3,1.36875
2.4,2.3,1.48653
2.5,2.3,1.60864
2.6,2.3,1.73322
2.7,2.3,1.85813
2.8,2.3,1.9811
2.9,2.3,2.09978
3,2.3,2.21186
3.1,2.3,2.31513
3.2,2.3,2.40747
3.3,2.3,2.4868
3.4,2.3,2.551
3.5,2.3,2.59773
3.6,2.3,2.62427
3.7,2.3,2.62732
3.8,2.3,2.60294
3.9,2.3,2.54659
4,2.3,2.4543
4.1,2.3,2.32375
4.2,2.3,2.15461
4.3,2.3,1.95015
4.4,2.3,1.71806
4.5,2.3,1.47019
4.6,2.3,1.22101
4.7,2.3,0.985042
4.8,2.3,0.774042
4.9,2.3,0.595136
5,2.3,0.450398
0,2.4,0.337744
0.1,2.4,0.339549
0.2,2.4,0.343174
0.3,2.4,0.348663
0.4,2.4,0.356083
0.5,2.4,0.365534
0.6,2.4,0.37715
0.7,2.4,0.39111
0.8,2.4,0.407639
0.9,2.4,0.427016
1,2.4,0.449581
1.1,2.4,0.475735
1.2,2.4,0.505944
1.3,2.4,0.540736
1.4,2.4,0.580695
1.5,2.4,0.626443
1.6,2.4,0.678627
1.7,2.4,0.737878
1.8,2.4,0.804777
1.9,2.4,0.8798
2,2.4,0.963255
2.1,2.4,1.05522
2.2,2.4,1.15547
2.3,2.4,1.26343
2.4,2.4,1.37813
2.5,2.4,1.49821
2.6,2.4,1.62192
2.7,2.4,1.74719
2.8,2.4,1.87174
2.9,2.4,1.99313
3,2.4,2.10889
3.1,2.4,2.21659
3.2,2.4,2.31384
3.3,2.4,2.39828
3.4,2.4,2.4675
3.5,2.4,2.5189
3.6,2.4,2.5495
3.7,2.4,2.55579
3.8,2.4,2.53369
3.9,2.4,2.47859
4,2.4,2.38687
4.1,2.4,2.2563
4.2,2.4,2.08698
4.3,2.4,1.88273
4.4,2.4,1.65178
4.5,2.4,1.40639
4.6,2.4,1.16123
4.7,2.4,0.930608
4.8,2.4,0.725828
4.9,2.4,0.55341
5,2.4,0.414857
0,2.5,0.307674
0.1,2.5,0.309296
0.2,2.5,0.312558
0.3,2.5,0.317496
0.4,2.5,0.324177
0.5,2.5,0.332693
0.6,2.5,0.343169
0.7,2.5,0.355772
0.8,2.5,0.370711
0.9,2.5,0.388246
1,2.5,0.408695
1.1,2.5,0.432434
1.2,2.5,0.459906
1.3,2.5,0.491615
1.4,2.5,0.52813
1.5,2.5,0.570068
1.6,2.5,0.618083
1.7,2.5,0.672839
1.8,2.5,0.734973
1.9,2.5,0.80505
2,2.5,0.883501
2.1,2.5,0.970559
2.2,2.5,1.06618
2.3,2.5,1.16999
2.4,2.5,1.28122
2.5,2.5,1.39867
2.6,2.5,1.52073
2.7,2.5,1.64543
2.8,2.5,1.77047
2.9,2.5,1.89336
3,2.5,2.01149
3.1,2.5,2.12223
3.2,2.5,2.22296
3.3,2.5,2.31108
3.4,2.5,2.38391
3.5,2.5,2.43863
3.6,2.5,2.47206
3.7,2.5,2.48056
3.8,2.5,2.45998
3.9,2.5,2.40577
4,2.5,2.31468
4.1,2.5,2.18467
4.2,2.5,2.01628
4.3,2.5,1.81377
4.4,2.5,1.58575
4.5,2.5,1.34467
4.6,2.5,1.10508
4.7,2.5,0.880897
4.8,2.5,0.682883
4.9,2.5,0.516991
5,2.5,0.384285
0,2.6,0.282016
0.1,2.6,0.283505
0.2,2.6,0.286498
0.3,2.6,0.29103
0.4,2.6,0.297162
0.5,2.6,0.304978
0.6,2.6,0.314595
0.7,2.6,0.326164
0.8,2.6,0.339878
0.9,2.6,0.355977
1,2.6,0.374753
1.1,2.6,0.39656
1.2,2.6,0.421811
1.3,2.6,0.450986
1.4,2.6,0.48463
1.5,2.6,0.523347
1.6,2.6,0.567785
1.7,2.6,0.61862
1.8,2.6,0.676521
1.9,2.6,0.742117
2,2.6,0.81593
2.1,2.6,0.898315
2.2,2.6,0.989378
2.3,2.6,1.08891
2.4,2.6,1.19631
2.5,2.6,1.31056
2.6,2.6,1.43019
2.7,2.6,1.5533
2.8,2.6,1.67765
2.9,2.6,1.80069
3,2.6,1.91974
3.1,2.6,2.032
3.2,2.6,2.13467
3.3,2.6,2.22495
3.4,2.6,2.29996
3.5,2.6,2.35669
3.6,2.6,2.39183
3.7,2.6,2.40168
3.8,2.6,2.3821
3.9,2.6,2.32876
4,2.6,2.23866
4.1,2.6,2.11011
4.2,2.6,1.944
4.3,2.6,1.74493
4.4,2.6,1.52165
4.5,2.6,1.28654
4.6,2.6,1.05377
4.7,2.6,0.836757
4.8,2.6,0.645664
4.9,2.6,0.485984
5,2.6,0.358505
0,2.7,0.260393
0.1,2.7,0.261796
0.2,2.7,0.264616
0.3,2.7,0.268883
0.4,2.7,0.274653
0.5,2.7,0.282003
0.6,2.7,0.291037
0.7,2.7,0.301894
0.8,2.7,0.314748
0.9,2.7,0.32982
1,2.7,0.34738
1.1,2.7,0.367751
1.2,2.7,0.391321
1.3,2.7,0.418539
1.4,2.7,0.449923
1.5,2.7,0.486052
1.6,2.7,0.52756
1.7,2.7,0.575123
1.8,2.7,0.629431
1.9,2.7,0.691138
2,2.7,0.760827
2.1,2.7,0.838933
2.2,2.7,0.925675
2.3,2.7,1.02098
2.4,2.7,1.12438
2.5,2.7,1.23502
2.6,2.7,1.35154
2.7,2.7,1.47216
2.8,2.7,1.59467
2.9,2.7,1.71656
3,2.7,1.83508
3.1,2.7,1.94734
3.2,2.7,2.05042
3.3,2.7,2.14137
3.4,2.7,2.21716
3.5,2.7,2.27468
3.6,2.7,2.31056
3.7,2.7,2.32109
3.8,2.7,2.30222
3.9,2.7,2.25001
4,2.7,2.16165
4.1,2.7,2.03573
4.2,2.7,1.87343
4.3,2.7,1.67945
4.4,2.7,1.46249
4.5,2.7,1.23457
4.6,2.7,1.00934
4.7,2.7,0.799597
4.8,2.7,0.614995
4.9,2.7,0.460713
5,2.7,0.337446
0,2.8,0.242443
0.1,2.8,0.243805
0.2,2.8,0.246541
0.3,2.8,0.25068
0.4,2.8,0.25627
0.5,2.8,0.263379
0.6,2.8,0.272104
0.7,2.8,0.282568
0.8,2.8,0.294931
0.9,2.8,0.309393
1,2.8,0.326203
1.1,2.8,0.345659
1.2,2.8,0.368122
1.3,2.8,0.394012
1.4,2.8,0.423816
1.5,2.8,0.458088
1.6,2.8,0.497438
1.7,2.8,0.542523
1.8,2.8,0.594024
1.9,2.8,0.652608
2,2.8,0.718881
2.1,2.8,0.793329
2.2,2.8,0.876241
2.3,2.8,0.96763
2.4,2.8,1.06715
2.5,2.8,1.17405
2.6,2.8,1.2871
2.7,2.8,1.40461
2.8,2.8,1.52446
2.9,2.8,1.64416
3,2.8,1.76098
3.1,2.8,1.872
3.2,2.8,1.97422
3.3,2.8,2.06461
3.4,2.8,2.1401
3.5,2.8,2.1975
3.6,2.8,2.23344
3.7,2.8,2.24427
3.8,2.8,2.22609
3.9,2.8,2.17524
4,2.8,2.08915
4.1,2.8,1.96668
4.2,2.8,1.80916
4.3,2.8,1.62128
4.4,2.8,1.41145
4.5,2.8,1.19116
4.6,2.8,0.973423
4.7,2.8,0.770412
4.8,2.8,0.591358
4.9,2.8,0.441278
5,2.8,0.320945
0,2.9,0.227824
0.1,2.9,0.22919
0.2,2.9,0.231931
0.3,2.9,0.236073
0.4,2.9,0.24166
0.5,2.9,0.248752
0.6,2.9,0.257435
0.7,2.9,0.267822
0.8,2.9,0.280058
0.9,2.9,0.294325
1,2.9,0.310849
1.1,2.9,0.329909
1.2,2.9,0.351837
1.3,2.9,0.377027
1.4,2.9,0.405937
1.5,2.9,0.43909
1.6,2.9,0.477068
1.7,2.9,0.520503
1.8,2.9,0.570055
1.9,2.9,0.626382
2,2.9,0.690094
2.1,2.9,0.761693
2.2,2.9,0.841503
2.3,2.9,0.92959
2.4,2.9,1.02568
2.5,2.9,1.1291
2.6,2.9,1.23872
2.7,2.9,1.35292
2.8,2.9,1.46968
2.9,2.9,1.58657
3,2.9,1.70089
3.1,2.9,1.80974
3.2,2.9,1.91012
3.3,2.9,1.99899
3.4,2.9,2.07326
3.5,2.9,2.12976
3.6,2.9,2.16516
3.7,2.9,2.17592
3.8,2.9,2.1583
3.9,2.9,2.10895
4,2.9,2.0255
4.1,2.9,1.90701
4.2,2.9,1.75484
4.3,2.9,1.57351
4.4,2.9,1.37101
4.5,2.9,1.15818
4.6,2.9,0.947306
4.7,2.9,0.749989
4.8,2.9,0.575137
4.9,2.9,0.427759
5,2.9,0.308851
0,3,0.216215
0.1,3,0.217628
0.2,3,0.220462
0.3,3,0.22474
0.4,3,0.2305
0.5,3,0.237797
0.6,3,0.246708
0.7,3,0.257333
0.8,3,0.269805
0.9,3,0.284289
1,3,0.300994
1.1,3,0.320174
1.2,3,0.342139
1.3,3,0.367255
1.4,3,0.39595
1.5,3,0.428718
1.6,3,0.466108
1.7,3,0.508722
1.8,3,0.557191
1.9,3,0.61215
2,3,0.674192
2.1,3,0.743814
2.2,3,0.821346
2.3,3,0.906877
2.4,3,1.00017
2.5,3,1.1006
2.6,3,1.20711
2.7,3,1.31815
2.8,3,1.43178
2.9,3,1.54563
3,3,1.65707
3.1,3,1.76327
3.2,3,1.86126
3.3,3,1.94803
3.4,3,2.02055
3.5,3,2.07568
3.6,3,2.11018
3.7,3,2.12064
3.8,3,2.1035
3.9,3,2.0557
4,3,1.97504
4.1,3,1.86067
4.2,3,1.71392
4.3,3,1.53904
4.4,3,1.34344
4.5,3,1.13729
4.6,3,0.932124
4.7,3,0.739022
4.8,3,0.566681
4.9,3,0.420233
5,3,0.301033
0,3.1,0.207309
0.1,3.1,0.208814
0.2,3.1,0.21183
0.3,3.1,0.216377
0.4,3.1,0.222489
0.5,3.1,0.230216
0.6,3.1,0.239626
0.7,3.1,0.25081
0.8,3.1,0.263886
0.9,3.1,0.279006
1,3.1,0.29636
1.1,3.1,0.316181
1.2,3.1,0.338753
1.3,3.1,0.364418
1.4,3.1,0.393574
1.5,3.1,0.42668
1.6,3.1,0.464255
1.7,3.1,0.506862
1.8,3.1,0.555101
1.9,3.1,0.609572
2,3.1,0.670839
2.1,3.1,0.73938
2.2,3.1,0.815512
2.3,3.1,0.899323
2.4,3.1,0.990592
2.5,3.1,1.08872
2.6,3.1,1.19269
2.7,3.1,1.30103
2.8,3.1,1.41183
2.9,3.1,1.52283
3,3.1,1.63147
3.1,3.1,1.73498
3.2,3.1,1.83047
3.3,3.1,1.91501
3.4,3.1,1.9856
3.5,3.1,2.03921
3.6,3.1,2.07269
3.7,3.1,2.08277
3.8,3.1,2.06606
3.9,3.1,2.01974
4,3.1,1.94174
4.1,3.1,1.83125
4.2,3.1,1.6895
4.3,3.1,1.52038
4.4,3.1,1.3307
4.5,3.1,1.12991
4.6,3.1,0.928846
4.7,3.1,0.738115
4.8,3.1,0.566306
4.9,3.1,0.418789
5,3.1,0.297376
0,3.2,0.200809
0.1,3.2,0.20245
0.2,3.2,0.205739
0.3,3.2,0.210693
0.4,3.2,0.217342
0.5,3.2,0.225731
0.6,3.2,0.235921
0.7,3.2,0.247993
0.8,3.2,0.262053
0.9,3.2,0.278239
1,3.2,0.29672
1.1,3.2,0.31771
1.2,3.2,0.341468
1.3,3.2,0.368307
1.4,3.2,0.398594
1.5,3.2,0.432754
1.6,3.2,0.471267
1.7,3.2,0.51466
1.8,3.2,0.563492
1.9,3.2,0.618327
2,3.2,0.679694
2.1,3.2,0.74804
2.2,3.2,0.823664
2.3,3.2,0.90664
2.4,3.2,0.996751
2.5,3.2,1.09341
2.6,3.2,1.19563
2.7,3.2,1.30197
2.8,3.2,1.41059
2.9,3.2,1.51931
3,3.2,1.62561
3.1,3.2,1.72683
3.2,3.2,1.82015
3.3,3.2,1.9027
3.4,3.2,1.97159
3.5,3.2,2.02385
3.6,3.2,2.05641
3.7,3.2,2.06614
3.8,3.2,2.04982
3.9,3.2,2.00478
4,3.2,1.92905
4.1,3.2,1.82184
4.2,3.2,1.68421
4.3,3.2,1.51966
4.4,3.2,1.33444
4.5,3.2,1.13725
4.6,3.2,0.938312
4.7,3.2,0.747816
4.8,3.2,0.574324
4.9,3.2,0.423531
5,3.2,0.297788
0,3.3,0.196419
0.1,3.3,0.198244
0.2,3.3,0.201901
0.3,3.3,0.207406
0.4,3.3,0.214785
0.5,3.3,0.224079
0.6,3.3,0.235343
0.7,3.3,0.248649
0.8,3.3,0.264091
0.9,3.3,0.28179
1,3.3,0.301898
1.1,3.3,0.324604
1.2,3.3,0.350141
1.3,3.3,0.378789
1.4,3.3,0.410881
1.5,3.3,0.446804
1.6,3.3,0.486996
1.7,3.3,0.531942
1.8,3.3,0.582159
1.9,3.3,0.63817
2,3.3,0.700472
2.1,3.3,0.76948
2.2,3.3,0.845475
2.3,3.3,0.928519
2.4,3.3,1.01839
2.5,3.3,1.11452
2.6,3.3,1.21593
2.7,3.3,1.32122
2.8,3.3,1.42859
2.9,3.3,1.53589
3,3.3,1.6407
3.1,3.3,1.7404
3.2,3.3,1.83226
3.3,3.3,1.91348
3.4,3.3,1.98121
3.5,3.3,2.03255
3.6,3.3,2.06452
3.7,3.3,2.07405
3.8,3.3,2.05807
3.9,3.3,2.014
4,3.3,1.93994
4.1,3.3,1.83508
4.2,3.3,1.7003
4.3,3.3,1.53874
4.4,3.3,1.35609
4.5,3.3,1.1604
4.6,3.3,0.961309
4.7,3.3,0.76867
4.8,3.3,0.591076
4.9,3.3,0.434601
5,3.3,0.302201
0,3.4,0.193837
0.1,3.4,0.195897
0.2,3.4,0.200023
0.3,3.4,0.20623
0.4,3.4,0.214544
0.5,3.4,0.225002
0.6,3.4,0.237654
0.7,3.4,0.252564
0.8,3.4,0.269813
0.9,3.4,0.289504
1,3.4,0.311768
1.1,3.4,0.336768
1.2,3.4,0.364704
1.3,3.4,0.39582
1.4,3.4,0.430407
1.5,3.4,0.468808
1.6,3.4,0.511414
1.7,3.4,0.558662
1.8,3.4,0.611024
1.9,3.4,0.668984
2,3.4,0.733008
2.1,3.4,0.803494
2.2,3.4,0.88071
2.3,3.4,0.964722
2.4,3.4,1.05532
2.5,3.4,1.15194
2.6,3.4,1.25362
2.7,3.4,1.35898
2.8,3.4,1.46626
2.9,3.4,1.57332
3,3.4,1.67779
3.1,3.4,1.77709
3.2,3.4,1.86854
3.3,3.4,1.94937
3.4,3.4,2.0168
3.5,3.4,2.06793
3.6,3.4,2.09981
3.7,3.4,2.10942
3.8,3.4,2.09374
3.9,3.4,2.05026
4,3.4,1.97709
4.1,3.4,1.87338
4.2,3.4,1.73986
4.3,3.4,1.57935
4.4,3.4,1.39705
4.5,3.4,1.20046
4.6,3.4,0.998673
4.7,3.4,0.801289
4.8,3.4,0.616966
4.9,3.4,0.452195
5,3.4,0.310573
0,3.5,0.19275
0.1,3.5,0.195098
0.2,3.5,0.199799
0.3,3.5,0.206871
0.4,3.5,0.21634
0.5,3.5,0.228242
0.6,3.5,0.242623
0.7,3.5,0.259538
0.8,3.5,0.279055
0.9,3.5,0.301258
1,3.5,0.326253
1.1,3.5,0.354169
1.2,3.5,0.385169
1.3,3.5,0.419453
1.4,3.5,0.45726
1.5,3.5,0.498878
1.6,3.5,0.544643
1.7,3.5,0.594935
1.8,3.5,0.650179
1.9,3.5,0.710824
2,3.5,0.777313
2.1,3.5,0.850044
2.2,3.5,0.929298
2.3,3.5,1.01517
2.4,3.5,1.10747
2.5,3.5,1.20567
2.6,3.5,1.30884
2.7,3.5,1.41559
2.8,3.5,1.52416
2.9,3.5,1.63242
3,3.5,1.73798
3.1,3.5,1.83829
3.2,3.5,1.93067
3.3,3.5,2.01238
3.4,3.5,2.08062
3.5,3.5,2.13249
3.6,3.5,2.165
3.7,3.5,2.17508
3.8,3.5,2.15972
3.9,3.5,2.11639
4,3.5,2.04317
4.1,3.5,1.93919
4.2,3.5,1.80506
4.3,3.5,1.64335
4.4,3.5,1.45888
4.5,3.5,1.25866
4.6,3.5,1.05138
4.7,3.5,0.846414
4.8,3.5,0.652506
4.9,3.5,0.476579
5,3.5,0.322891
0,3.6,0.192822
0.1,3.6,0.195513
0.2,3.6,0.200904
0.3,3.6,0.209015
0.4,3.6,0.219876
0.5,3.6,0.233526
0.6,3.6,0.250008
0.7,3.6,0.26937
0.8,3.6,0.291666
0.9,3.6,0.316957
1,3.6,0.345317
1.1,3.6,0.376837
1.2,3.6,0.411633
1.3,3.6,0.449846
1.4,3.6,0.491655
1.5,3.6,0.537276
1.6,3.6,0.586975
1.7,3.6,0.641066
1.8,3.6,0.699921
1.9,3.6,0.763955
2,3.6,0.833609
2.1,3.6,0.909303
2.2,3.6,0.991371
2.3,3.6,1.07997
2.4,3.6,1.175
2.5,3.6,1.27596
2.6,3.6,1.38195
2.7,3.6,1.49159
2.8,3.6,1.60307
2.9,3.6,1.71421
3,3.6,1.82258
3.1,3.6,1.92559
3.2,3.6,2.02053
3.3,3.6,2.10465
3.4,3.6,2.1751
3.5,3.6,2.22892
3.6,3.6,2.26298
3.7,3.6,2.2741
3.8,3.6,2.25915
3.9,3.6,2.2155
4,3.6,2.14119
4.1,3.6,2.03532
4.2,3.6,1.89842
4.3,3.6,1.73293
4.4,3.6,1.54341
4.5,3.6,1.33653
4.6,3.6,1.12066
4.7,3.6,0.904971
4.8,3.6,0.698338
4.9,3.6,0.508095
5,3.6,0.339166
0,3.7,0.193683
0.1,3.7,0.196778
0.2,3.7,0.20298
0.3,3.7,0.212316
0.4,3.7,0.224826
0.5,3.7,0.240555
0.6,3.7,0.259549
0.7,3.7,0.28185
0.8,3.7,0.307496
0.9,3.7,0.336521
1,3.7,0.368963
1.1,3.7,0.404862
1.2,3.7,0.444274
1.3,3.7,0.48727
1.4,3.7,0.533947
1.5,3.7,0.584433
1.6,3.7,0.638901
1.7,3.7,0.697582
1.8,3.7,0.760781
1.9,3.7,0.828887
2,3.7,0.902356
2.1,3.7,0.981674
2.2,3.7,1.06728
2.3,3.7,1.15947
2.4,3.7,1.25825
2.5,3.7,1.36324
2.6,3.7,1.47357
2.7,3.7,1.58782
2.8,3.7,1.7041
2.9,3.7,1.82011
3,3.7,1.93329
3.1,3.7,2.04096
3.2,3.7,2.14037
3.3,3.7,2.22871
3.4,3.7,2.30306
3.5,3.7,2.3603
3.6,3.7,2.39712
3.7,3.7,2.41005
3.8,3.7,2.39573
3.9,3.7,2.35133
4,3.7,2.27478
4.1,3.7,2.16515
4.2,3.7,2.02301
4.3,3.7,1.85079
4.4,3.7,1.65295
4.5,3.7,1.43597
4.6,3.7,1.208
4.7,3.7,0.978104
4.8,3.7,0.755251
4.9,3.7,0.547171
5,3.7,0.35943
0,3.8,0.194925
0.1,3.8,0.198484
0.2,3.8,0.205622
0.3,3.8,0.21638
0.4,3.8,0.230814
0.5,3.8,0.248985
0.6,3.8,0.270946
0.7,3.8,0.296737
0.8,3.8,0.32638
0.9,3.8,0.359878
1,3.8,0.397219
1.1,3.8,0.438384
1.2,3.8,0.483353
1.3,3.8,0.532109
1.4,3.8,0.584645
1.5,3.8,0.640971
1.6,3.8,0.701138
1.7,3.8,0.765262
1.8,3.8,0.833566
1.9,3.8,0.906405
2,3.8,0.98428
2.1,3.8,1.0678
2.2,3.8,1.15759
2.3,3.8,1.25418
2.4,3.8,1.35778
2.5,3.8,1.46817
2.6,3.8,1.58454
2.7,3.8,1.7054
2.8,3.8,1.8287
2.9,3.8,1.95191
3,3.8,2.07224
3.1,3.8,2.18685
3.2,3.8,2.29291
3.3,3.8,2.38757
3.4,3.8,2.46782
3.5,3.8,2.53033
3.6,3.8,2.57144
3.7,3.8,2.58728
3.8,3.8,2.57402
3.9,3.8,2.52849
4,3.8,2.44844
4.1,3.8,2.33292
4.2,3.8,2.18266
4.3,3.8,2.00028
4.4,3.8,1.79033
4.5,3.8,1.5593
4.6,3.8,1.31525
4.7,3.8,1.06719
4.8,3.8,0.824185
4.9,3.8,0.594309
5,3.8,0.383724
0,3.9,0.196085
0.1,3.9,0.200169
0.2,3.9,0.20837
0.3,3.9,0.220752
0.4,3.9,0.237401
0.5,3.9,0.258404
0.6,3.9,0.283837
0.7,3.9,0.313741
0.8,3.9,0.348121
0.9,3.9,0.38694
1,3.9,0.430127
1.1,3.9,0.477586
1.2,3.9,0.529206
1.3,3.9,0.584862
1.4,3.9,0.644414
1.5,3.9,0.707719
1.6,3.9,0.774658
1.7,3.9,0.845185
1.8,3.9,0.919397
1.9,3.9,0.997608
2,3.9,1.08039
2.1,3.9,1.16855
2.2,3.9,1.26304
2.3,3.9,1.36474
2.4,3.9,1.47422
2.5,3.9,1.5915
2.6,3.9,1.71587
2.7,3.9,1.84572
2.8,3.9,1.9787
2.9,3.9,2.11187
3,3.9,2.24207
3.1,3.9,2.36621
3.2,3.9,2.48138
3.3,3.9,2.58475
3.4,3.9,2.67325
3.5,3.9,2.74331
3.6,3.9,2.79078
3.7,3.9,2.81106
3.8,3.9,2.79964
3.9,3.9,2.75274
4,3.9,2.66778
4.1,3.9,2.54389
4.2,3.9,2.3821
4.3,3.9,2.18546
4.4,3.9,1.95895
4.5,3.9,1.70927
4.6,3.9,1.44456
4.7,3.9,1.17383
4.8,3.9,0.906215
4.9,3.9,0.650074
5,3.9,0.41209
0,4,0.196642
0.1,4,0.201307
0.2,4,0.21069
0.3,4,0.224896
0.4,4,0.244057
0.5,4,0.268311
0.6,4,0.297769
0.7,4,0.33249
0.8,4,0.372457
0.9,4,0.417584
1,4,0.467721
1.1,4,0.522678
1.2,4,0.582235
1.3,4,0.646137
1.4,4,0.714086
1.5,4,0.785737
1.6,4,0.860733
1.7,4,0.938782
1.8,4,1.01978
1.9,4,1.10397
2,4,1.19201
2.1,4,1.28504
2.2,4,1.38448
2.3,4,1.4918
2.4,4,1.60814
2.5,4,1.73393
2.6,4,1.86857
2.7,4,2.0103
2.8,4,2.15622
2.9,4,2.30272
3,4,2.44598
3.1,4,2.58254
3.2,4,2.70949
3.3,4,2.8242
3.4,4,2.92371
3.5,4,3.00418
3.6,4,3.06075
3.7,4,3.08774
3.8,4,3.07946
3.9,4,3.03116
4,4,2.93978
4.1,4,2.80453
4.2,4,2.62704
4.3,4,2.4112
4.4,4,2.16277
4.5,4,1.88902
4.6,4,1.59833
4.7,4,1.29978
4.8,4,1.00252
4.9,4,0.715079
5,4,0.444559
0,4.1,0.19601
0.1,4.1,0.2013
0.2,4.1,0.211967
0.3,4.1,0.228175
0.4,4.1,0.250135
0.5,4.1,0.278071
0.6,4.1,0.31216
0.7,4.1,0.352492
0.8,4.1,0.399034
0.9,4.1,0.451625
1,4.1,0.510009
1.1,4.1,0.573876
1.2,4.1,0.642883
1.3,4.1,0.716637
1.4,4.1,0.794654
1.5,4.1,0.876334
1.6,4.1,0.960982
1.7,4.1,1.04793
1.8,4.1,1.13673
1.9,4.1,1.22744
2,4.1,1.32086
2.1,4.1,1.41857
2.2,4.1,1.52278
2.3,4.1,1.63587
2.4,4.1,1.75986
2.5,4.1,1.89585
2.6,4.1,2.04347
2.7,4.1,2.20065
2.8,4.1,2.36367
2.9,4.1,2.5277
3,4.1,2.68778
3.1,4.1,2.83989
3.2,4.1,2.98132
3.3,4.1,3.1101
3.4,4.1,3.22375
3.5,4.1,3.31825
3.6,4.1,3.38772
3.7,4.1,3.42478
3.8,4.1,3.42184
3.9,4.1,3.37254
4,4.1,3.27301
4.1,4.1,3.12269
4.2,4.1,2.92426
4.3,4.1,2.68305
4.4,4.1,2.40619
4.5,4.1,2.10193
4.6,4.1,1.77912
4.7,4.1,1.4469
4.8,4.1,1.11435
4.9,4.1,0.789969
5,4.1,0.48115
0,4.2,0.193539
0.1,4.2,0.199477
0.2,4.2,0.211487
0.3,4.2,0.229827
0.4,4.2,0.254836
0.5,4.2,0.286873
0.6,4.2,0.326237
0.7,4.2,0.373083
0.8,4.2,0.427356
0.9,4.2,0.488784
1,4.2,0.556948
1.1,4.2,0.631381
1.2,4.2,0.711612
1.3,4.2,0.797124
1.4,4.2,0.88725
1.5,4.2,0.981077
1.6,4.2,1.07744
1.7,4.2,1.17505
1.8,4.2,1.27289
1.9,4.2,1.37063
2,4.2,1.46915
2.1,4.2,1.57072
2.2,4.2,1.67875
2.3,4.2,1.79707
2.4,4.2,1.92909
2.5,4.2,2.07696
2.6,4.2,2.24077
2.7,4.2,2.41803
2.8,4.2,2.60366
2.9,4.2,2.7907
3,4.2,2.97212
3.1,4.2,3.14291
3.2,4.2,3.30112
3.3,4.2,3.44643
3.4,4.2,3.57765
3.5,4.2,3.69081
3.6,4.2,3.77854
3.7,4.2,3.8308
3.8,4.2,3.83686
3.9,4.2,3.78765
4,4.2,3.67799
4.1,4.2,3.50778
4.2,4.2,3.28157
4.3,4.2,3.00713
4.4,4.2,2.69382
4.5,4.2,2.35139
4.6,4.2,1.98941
4.7,4.2,1.61702
4.8,4.2,1.24295
4.9,4.2,0.87543
5,4.2,0.521896
0,4.3,0.188528
0.1,4.3,0.195095
0.2,4.3,0.208437
0.3,4.3,0.228948
0.4,4.3,0.257161
0.5,4.3,0.293663
0.6,4.3,0.338964
0.7,4.3,0.393346
0.8,4.3,0.456732
0.9,4.3,0.528662
1,4.3,0.608432
1.1,4.3,0.695352
1.2,4.3,0.788847
1.3,4.3,0.888352
1.4,4.3,0.993075
1.5,4.3,1.10176
1.6,4.3,1.2126
1.7,4.3,1.32334
1.8,4.3,1.43189
1.9,4.3,1.5371
2,4.3,1.63984
2.1,4.3,1.74338
2.2,4.3,1.85301
2.3,4.3,1.97481
2.4,4.3,2.11441
2.5,4.3,2.27565
2.6,4.3,2.4595
2.7,4.3,2.66301
2.8,4.3,2.87894
2.9,4.3,3.09663
3,4.3,3.305
3.1,4.3,3.49713
3.2,4.3,3.67303
3.3,4.3,3.83623
3.4,4.3,3.98847
3.5,4.3,4.12629
3.6,4.3,4.2401
3.7,4.3,4.31559
3.8,4.3,4.33677
3.9,4.3,4.28996
4,4.3,4.16776
4.1,4.3,3.97106
4.2,4.3,3.70777
4.3,4.3,3.38979
4.4,4.3,3.03
4.5,4.3,2.64039
4.6,4.3,2.23134
4.7,4.3,1.81177
4.8,4.3,1.3896
4.9,4.3,0.972269
5,4.3,0.566927
0,4.4,0.18025
0.1,4.4,0.187368
0.2,4.4,0.201908
0.3,4.4,0.224465
0.4,4.4,0.255864
0.5,4.4,0.297053
0.6,4.4,0.348914
0.7,4.4,0.411989
0.8,4.4,0.486198
0.9,4.4,0.570722
1,4.4,0.664305
1.1,4.4,0.765903
1.2,4.4,0.874917
1.3,4.4,0.99094
1.4,4.4,1.11325
1.5,4.4,1.24032
1.6,4.4,1.36947
1.7,4.4,1.49696
1.8,4.4,1.61873
1.9,4.4,1.73196
2,4.4,1.83706
2.1,4.4,1.9389
2.2,4.4,2.04578
2.3,4.4,2.16736
2.4,4.4,2.3126
2.5,4.4,2.48811
2.6,4.4,2.6965
2.7,4.4,2.93467
2.8,4.4,3.19235
2.9,4.4,3.45232
3,4.4,3.69519
3.1,4.4,3.90956
3.2,4.4,4.10055
3.3,4.4,4.28026
3.4,4.4,4.45648
3.5,4.4,4.62692
3.6,4.4,4.77856
3.7,4.4,4.89015
3.8,4.4,4.93685
3.9,4.4,4.89685
4,4.4,4.75883
4.1,4.4,4.52592
4.2,4.4,4.21233
4.3,4.4,3.83696
4.4,4.4,3.41811
4.5,4.4,2.9708
4.6,4.4,2.50621
4.7,4.4,2.03243
4.8,4.4,1.55566
4.9,4.4,1.08164
5,4.4,0.61668
0,4.5,0.168001
0.1,4.5,0.175499
0.2,4.5,0.190928
0.3,4.5,0.215144
0.4,4.5,0.249392
0.5,4.5,0.295191
0.6,4.5,0.354075
0.7,4.5,0.427136
0.8,4.5,0.514389
0.9,4.5,0.61433
1,4.5,0.72447
1.1,4.5,0.843146
1.2,4.5,0.969968
1.3,4.5,1.10516
1.4,4.5,1.24853
1.5,4.5,1.39852
1.6,4.5,1.55148
1.7,4.5,1.70136
1.8,4.5,1.84063
1.9,4.5,1.96282
2,4.5,2.06689
2.1,4.5,2.16038
2.2,4.5,2.25675
2.3,4.5,2.37121
2.4,4.5,2.51766
2.5,4.5,2.70688
2.6,4.5,2.94469
2.7,4.5,3.22909
2.8,4.5,3.54636
2.9,4.5,3.86828
3,4.5,4.15748
3.1,4.5,4.39024
3.2,4.5,4.58554
3.3,4.5,4.7746
3.4,4.5,4.9764
3.5,4.5,5.19041
3.6,4.5,5.39799
3.7,4.5,5.56678
3.8,4.5,5.65697
3.9,4.5,5.63197
4,4.5,5.47293
4.1,4.5,5.18835
4.2,4.5,4.80474
4.3,4.5,4.35291
4.4,4.5,3.85921
4.5,4.5,3.3424
4.6,4.5,2.81393
4.7,4.5,2.27978
4.8,4.5,1.74288
4.9,4.5,1.20563
5,4.5,0.672399
0,4.6,0.151182
0.1,4.6,0.15877
0.2,4.6,0.174521
0.3,4.6,0.199613
0.4,4.6,0.235847
0.5,4.6,0.285591
0.6,4.6,0.351523
0.7,4.6,0.435917
0.8,4.6,0.539307
0.9,4.6,0.658932
1,4.6,0.789201
1.1,4.6,0.927357
1.2,4.6,1.07386
1.3,4.6,1.23055
1.4,4.6,1.39869
1.5,4.6,1.57738
1.6,4.6,1.76209
1.7,4.6,1.9436
1.8,4.6,2.10823
1.9,4.6,2.24175
2,4.6,2.33867
2.1,4.6,2.41204
2.2,4.6,2.48469
2.3,4.6,2.5803
2.4,4.6,2.71951
2.5,4.6,2.91896
2.6,4.6,3.1902
2.7,4.6,3.53593
2.8,4.6,3.94143
2.9,4.6,4.3622
3,4.6,4.72139
3.1,4.6,4.9553
3.2,4.6,5.1257
3.3,4.6,5.30594
3.4,4.6,5.53285
3.5,4.6,5.80626
3.6,4.6,6.09814
3.7,4.6,6.3591
3.8,4.6,6.52473
3.9,4.6,6.53025
4,4.6,6.3402
4.1,4.6,5.97725
4.2,4.6,5.49288
4.3,4.6,4.93799
4.4,4.6,4.35001
4.5,4.6,3.75131
4.6,4.6,3.15206
4.7,4.6,2.55399
4.8,4.6,1.95408
4.9,4.6,1.34849
5,4.6,0.737294
0,4.7,0.129408
0.1,4.7,0.136649
0.2,4.7,0.151839
0.3,4.7,0.17648
0.4,4.7,0.213009
0.5,4.7,0.264955
0.6,4.7,0.336881
0.7,4.7,0.433608
0.8,4.7,0.557721
0.9,4.7,0.704655
1,4.7,0.85997
1.1,4.7,1.01939
1.2,4.7,1.18606
1.3,4.7,1.36536
1.4,4.7,1.56159
1.5,4.7,1.77584
1.6,4.7,2.0037
1.7,4.7,2.23228
1.8,4.7,2.43789
1.9,4.7,2.58934
2,4.7,2.66742
2.1,4.7,2.69953
2.2,4.7,2.72674
2.3,4.7,2.7851
2.4,4.7,2.90288
2.5,4.7,3.10353
2.6,4.7,3.40785
2.7,4.7,3.83124
2.8,4.7,4.3695
2.9,4.7,4.96419
3,4.7,5.45531
3.1,4.7,5.63178
3.2,4.7,5.70717
3.3,4.7,5.84262
3.4,4.7,6.09305
3.5,4.7,6.45008
3.6,4.7,6.87022
3.7,4.7,7.28145
3.8,4.7,7.58126
3.9,4.7,7.64889
4,4.7,7.40487
4.1,4.7,6.91366
4.2,4.7,6.27924
4.3,4.7,5.58454
4.4,4.7,4.87957
4.5,4.7,4.18778
4.6,4.7,3.51473
4.7,4.7,2.85456
4.8,4.7,2.19451
4.9,4.7,1.51943
5,4.7,0.819349
0,4.8,0.102648
0.1,4.8,0.108967
0.2,4.8,0.122378
0.3,4.8,0.144585
0.4,4.8,0.178561
0.5,4.8,0.229109
0.6,4.8,0.303528
0.7,4.8,0.411738
0.8,4.8,0.563268
0.9,4.8,0.754286
1,4.8,0.941384
1.1,4.8,1.12139
1.2,4.8,1.30542
1.3,4.8,1.50564
1.4,4.8,1.73154
1.5,4.8,1.98842
1.6,4.8,2.27471
1.7,4.8,2.57597
1.8,4.8,2.85491
1.9,4.8,3.0442
2,4.8,3.07735
2.1,4.8,3.02885
2.2,4.8,2.9765
2.3,4.8,2.9714
2.4,4.8,3.04671
2.5,4.8,3.23047
2.6,4.8,3.55531
2.7,4.8,4.06281
2.8,4.8,4.79223
2.9,4.8,5.71653
3,4.8,6.54385
3.1,4.8,6.45703
3.2,4.8,6.28166
3.3,4.8,6.31787
3.4,4.8,6.59714
3.5,4.8,7.07578
3.6,4.8,7.68902
3.7,4.8,8.34437
3.8,4.8,8.89047
3.9,4.8,9.09423
4,4.8,8.73411
4.1,4.8,8.01544
4.2,4.8,7.15205
4.3,4.8,6.26965
4.4,4.8,5.4246
4.5,4.8,4.63332
4.6,4.8,3.89092
4.7,4.8,3.17998
4.8,4.8,2.47378
4.9,4.8,1.73805
5,4.8,0.938677
0,4.9,0.0713674
0.1,4.9,0.0761083
0.2,4.9,0.0862851
0.3,4.9,0.103495
0.4,4.9,0.130752
0.5,4.9,0.173543
0.6,4.9,0.241911
0.7,4.9,0.354027
0.8,4.9,0.539262
0.9,4.9,0.821818
1,4.9,1.04663
1.1,4.9,1.23891
1.2,4.9,1.43095
1.3,4.9,1.64559
1.4,4.9,1.899
1.5,4.9,2.20335
1.6,4.9,2.5657
1.7,4.9,2.97962
1.8,4.9,3.40086
1.9,4.9,3.69605
2,4.9,3.60961
2.1,4.9,3.40386
2.2,4.9,3.22211
2.3,4.9,3.12189
2.4,4.9,3.12866
2.5,4.9,3.26564
2.6,4.9,3.57296
2.7,4.9,4.1291
2.8,4.9,5.07822
2.9,4.9,6.61635
3,4.9,8.57222
3.1,4.9,7.4221
3.2,4.9,6.70475
3.3,4.9,6.60924
3.4,4.9,6.95629
3.5,4.9,7.61473
3.6,4.9,8.50525
3.7,4.9,9.54581
3.8,4.9,10.56
3.9,4.9,11.117
4,4.9,10.4379
4.1,4.9,9.28599
4.2,4.9,8.07372
4.3,4.9,6.95002
4.4,4.9,5.94887
4.5,4.9,5.06197
4.6,4.9,4.26586
4.7,4.9,3.52907
4.8,4.9,2.80977
4.9,4.9,2.04701
5,4.9,1.1515
0,5,0.0366163
0.1,5,0.0391727
0.2,5,0.0447099
0.3,5,0.0542392
0.4,5,0.0698074
0.5,5,0.0956247
0.6,5,0.141095
0.7,5,0.229774
0.8,5,0.430177
0.9,5,0.919491
1,5,1.1613
1.1,5,1.33385
1.2,5,1.50992
1.3,5,1.7201
1.4,5,1.98435
1.5,5,2.32209
1.6,5,2.75598
1.7,5,3.30887
1.8,5,3.97481
1.9,5,4.56225
2,5,4.15849
2.1,5,3.68101
2.2,5,3.32908
2.3,5,3.11826
2.4,5,3.03949
2.5,5,3.09366
2.6,5,3.30816
2.7,5,3.77183
2.8,5,4.74623
2.9,5,7.05517
3,5,13.5802
3.1,5,7.8851
3.2,5,6.42591
3.3,5,6.34845
3.4,5,6.85895
3.5,5,7.7338
3.6,5,8.92894
3.7,5,10.4556
3.8,5,12.257
3.9,5,13.7352
4,5,12.1857
4.1,5,10.2983
4.2,5,8.66142
4.3,5,7.31329
4.4,5,6.2015
4.5,5,5.27063
4.6,5,4.47434
4.7,5,3.77149
4.8,5,3.11523
4.9,5,2.42911
5,5,1.53478
